suburb,r2_0r,r2_lr,r2_rf,r2_combine,type,confidence
Rowville,-1.1453879951316686,-1.1453879951316686,-0.3304399678101748,0.2300214643338299,House,high
Ormond,0.2015400822996526,0.2015400822996526,0.3831596910613674,0.4428586318293098,House,high
West Wodonga,0.2832127434461392,0.2832127434461392,0.268037704928498,0.288370868465683,House,high
Wodonga,-0.2768877398703651,-0.2768877398703651,0.4362858918877201,0.3942074824966192,House,high
Tarneit,0.0368942363663741,0.0368942363663741,0.0768950089097455,0.2264080411523992,House,high
Keysborough,0.4346017732118951,0.4346017732118951,0.5437096007303847,0.5471410767208005,House,high
Preston (Vic.),0.1608860112202708,0.1608860112202708,0.0713584422684768,0.2222300750085181,House,high
Melton South,0.2458962771926822,0.2458962771926822,0.1820030029329057,0.2293677833261853,House,high
Dandenong,-0.1806604570417265,-0.1806604570417265,0.1267147665186028,0.1065596369691025,House,high
Werribee South,0.6253741806699391,0.6253741806699391,0.2476579870418579,0.5459482260594823,House,high
Wallan,-0.7536509748000284,-0.7536509748000284,-0.0006183858608119,0.1296356573981404,House,high
Chirnside Park,0.5506545989490896,0.5506545989490896,0.5884779501356274,0.5942343085744142,House,high
Craigieburn,0.3424333264579996,0.3424333264579996,0.3208977564348366,0.3995288016332765,House,high
Reservoir (Vic.),0.15639076730655,0.15639076730655,0.2530508897132376,0.2874099270196381,House,high
Caroline Springs,-0.3778974791135352,-0.3778974791135352,0.1861546523266269,0.3292917919222393,House,high
Portland (Vic.),-1.3444236598941537,-1.3444236598941537,0.0332227500810684,0.3627773267530074,House,high
Mount Waverley,0.1221263966261974,0.1221263966261974,0.159167832748471,0.3999616284662238,House,high
Brighton East,-0.4801243165394699,-0.4801243165394699,-0.0600908703791511,0.1138633655243893,House,high
Belmont (Vic.),-0.3923745983621838,-0.3923745983621838,0.6035699650865163,0.2810436718066263,House,high
Dandenong North,-0.4684631491635274,-0.4684631491635274,0.2269311600734705,0.0826220348336139,House,high
Shepparton,0.3176619667936726,0.3176619667936726,0.3166950676433544,0.4539108222007396,House,high
Bendigo,0.2049447969281841,0.2049447969281841,0.4747807465801071,0.395550191793799,House,high
Truganina,0.009460861203857,0.009460861203857,0.0421828312095645,0.0475014206751344,House,high
Carlton (Vic.),-0.6123069729383934,-0.6123069729383934,0.3965280925633663,0.0779370915277058,House,high
Mentone,0.3508058721049484,0.3508058721049484,0.2522811595447973,0.3967659255340968,House,high
Thornbury,-0.2843218371581468,-0.2843218371581468,0.39018908948264,0.2893377718329861,House,high
Wantirna South,0.5117505504538631,0.5117505504538631,0.4228546004224988,0.5454435923355897,House,high
Burwood (Vic.),0.3622054845145167,0.3622054845145167,0.2485827293644226,0.3598146498075468,House,high
Berwick,0.2302787397360112,0.2302787397360112,0.3573101329437982,0.3239491144285029,House,high
Box Hill (Vic.),0.1693577424510441,0.1693577424510441,0.2766007920878215,0.2650488349703394,House,high
Frankston,0.0276916707533073,0.0276916707533073,0.2262623152355569,0.241578855043128,House,high
Bundoora (Vic.),0.3600588752654277,0.3600588752654277,0.3026816125795223,0.3449162260928848,House,high
Ferntree Gully,0.2460504123815675,0.2460504123815675,0.0877842229911985,0.230197335470541,House,high
Oak Park,-2.518764907953289,-2.518764907953289,0.3368309953506491,0.0714234332941413,House,high
Heidelberg Heights,0.2989572241102024,0.2989572241102024,-0.1556017702686523,0.1910930618293698,House,high
Clayton South,0.1769174835261808,0.1769174835261808,-0.1059985428042167,0.1446993153858823,House,high
Torquay (Vic.),0.1809552746805388,0.1809552746805388,0.1648347456942378,0.1998741600053335,House,high
Narre Warren South,0.3271767522190921,0.3271767522190921,0.2930847858244758,0.3262004474360814,House,high
Noble Park,0.1326570480392427,0.1326570480392427,0.2083930872706002,0.2398469421745517,House,high
Malvern East,-0.2361018541377126,-0.2361018541377126,0.1657276291466562,0.0802653502428802,House,high
Patterson Lakes,0.179395514568711,0.179395514568711,0.2704851822551233,0.269644198590761,House,high
Springvale (Vic.),0.1923175830704009,0.1923175830704009,0.2028757798845116,0.2390174688592156,House,high
Clarinda,-0.0943811565348564,-0.0943811565348564,0.0702654194209628,0.017008336082249,House,high
Wyndham Vale,0.3485554499553075,0.3485554499553075,-0.4618847664677443,0.1296908277002167,House,high
Werribee,0.3555043653304419,0.3555043653304419,0.0977934250824842,0.2922072425572604,House,high
Mickleham,0.276943328338036,0.276943328338036,0.3303164803496985,0.3201425191307048,House,high
Clyde North,-0.1916691053078607,-0.1916691053078607,0.2416437500624582,0.1886361775663504,House,high
Geelong,0.3634568015905675,0.3634568015905675,0.5133971590356972,0.4661651456212878,House,high
Mildura,0.412121295704533,0.412121295704533,0.185314541200567,0.3355890023500418,House,high
Maidstone,0.3105031658155818,0.3105031658155818,-0.2236261894766835,0.1553979571158438,House,high
Sebastopol (Vic.),0.4225046232550159,0.4225046232550159,0.1672206422117296,0.6413499894166355,House,high
Northcote,-0.2415050083973069,-0.2415050083973069,0.2176077177502051,0.084805762451847,House,high
Keilor East,0.1171536710336443,0.1171536710336443,0.453872619644258,0.3683303635262678,House,high
Point Cook,-0.608975168398894,-0.608975168398894,0.2308367613848315,0.0769278293925209,House,high
Flora Hill,0.0983630157217192,0.0983630157217192,0.3577720167057974,0.4161073763678993,House,high
North Bendigo,0.0910570845541386,0.0910570845541386,0.3340925984371184,0.3608499920853889,House,high
Cheltenham (Vic.),-0.7384742677698948,-0.7384742677698948,0.3560270155161141,0.5546273891425163,House,high
Oakleigh East,0.006083516039001,0.006083516039001,0.3427429639672277,0.2061532578470395,House,high
Mill Park,0.2905409622635591,0.2905409622635591,0.380615415614387,0.3519841554544667,House,high
Melbourne,0.2825874761947351,0.2825874761947351,0.4046022017855667,0.4486980735603079,House,high
Swan Hill,0.325047874714947,0.325047874714947,0.0935918865509521,0.2614979890684927,House,high
Brunswick West,0.3893513272805605,0.3893513272805605,0.3251492131012425,0.4125294686089802,House,high
Strathmore (Vic.),-0.9684295968375908,-0.9684295968375908,0.159210126094916,0.3796942519391408,House,high
Pakenham,0.320289328387386,0.320289328387386,-0.2352084086056212,0.1377387187761717,House,high
Airport West,0.2309764631998844,0.2309764631998844,0.2338457241661521,0.2729707714767391,House,high
Hoppers Crossing,0.3145002570396861,0.3145002570396861,0.0580927001708899,0.4383090602135733,House,high
Lake Gardens,0.1390847462415338,0.1390847462415338,-0.1258667920345235,0.1249224970210166,House,high
Cranbourne,0.471672210551926,0.471672210551926,-0.1969031515839026,0.3109567172618052,House,high
Bayswater (Vic.),0.4001002749622101,0.4001002749622101,0.082973916690359,0.2989289284176127,House,high
Williams Landing,0.3756532334862887,0.3756532334862887,0.2719025145784586,0.4576594695920499,House,high
Sale,0.0724803249016994,0.0724803249016994,0.5396042238022905,0.4662804132126393,House,high
Thomastown,0.3539523106716101,0.3539523106716101,0.2098165327417069,0.3326804479752274,House,high
Stawell,0.3515288630036394,0.3515288630036394,-0.3783470574004111,0.1613465464824408,House,high
Altona North,-0.0090536279910609,-0.0090536279910609,0.3657924892663499,0.3050822155109207,House,high
Gisborne,0.4612683728600371,0.4612683728600371,0.0382380713771712,0.3451002601032092,House,high
Manor Lakes,0.3148407514148279,0.3148407514148279,-0.4319829445283134,0.2558489367004666,House,high
Chadstone,-0.0463675238555678,-0.0463675238555678,0.4628575110051152,0.5325233311394486,House,high
Windsor (Vic.),-0.0076942306735385,-0.0076942306735385,0.4271303910855414,0.300777642072409,House,high
Ararat,0.5933397809656971,0.5933397809656971,0.3180075364005348,0.5698093228136007,House,high
Baranduda,-0.4904664379461598,-0.4904664379461598,0.1197785802571014,0.2234143709762392,House,high
Boronia,0.0958115614301637,0.0958115614301637,0.1083836565425432,0.1126956861028307,House,high
St Albans (Vic.),-0.1069474803638859,-0.1069474803638859,-0.0577355365562082,0.1491961680074839,House,high
Maribyrnong,-1.980423753368378,-1.980423753368378,0.3991606333692047,0.2568867717443726,House,high
Pascoe Vale South,-0.8451962193843869,-0.8451962193843869,0.2636526663227089,0.2904300915699386,House,high
Ringwood East,0.4713463301417104,0.4713463301417104,0.1380109926226576,0.3906630132822594,House,high
St Kilda (Vic.),-0.1058040220482998,-0.1058040220482998,-0.2354165275350714,0.0230890352377058,House,high
Warrnambool,-0.1113288246959647,-0.1113288246959647,0.4065015975652114,0.2050240427803611,House,high
Wangaratta (Vic.),-0.0282421331057578,-0.0282421331057578,0.2450823160756636,0.1471129354216904,House,high
Darley,0.3204138678426657,0.3204138678426657,0.1840464083672531,0.3007534454094873,House,high
Maddingley,0.438541492636762,0.438541492636762,0.313964075915674,0.5191743254738247,House,high
Highton,0.6987716900059299,0.6987716900059299,0.6954635328239658,0.7295105898327349,House,high
Abbotsford (Vic.),0.0883840566808485,0.0883840566808485,-0.4305674492851425,0.0752232452072846,House,high
South Yarra,-0.0050063985107944,-0.0050063985107944,0.1327759480252066,0.1678114962347054,House,high
Coburg,0.1913072721549928,0.1913072721549928,0.3006256448779617,0.4001911158126997,House,high
Albanvale,0.5176289905067644,0.5176289905067644,0.2186415396126452,0.5086208124002274,House,high
Portarlington,0.1262104429989041,0.1262104429989041,0.2931865068368124,0.6311693847720178,House,high
South Morang,0.2181756962078771,0.2181756962078771,0.0820497070240379,0.2218255181469247,House,high
Romsey,0.2966876364533035,0.2966876364533035,0.0246697460749458,0.3454773293170043,House,high
Mooroolbark,0.1799762109646977,0.1799762109646977,0.0712998940044774,0.1314911846318978,House,high
Camberwell (Vic.),-1.2705745463529223,-1.2705745463529223,-0.1472710750945467,0.1371060270082511,House,high
Delahey,0.2932658427436633,0.2932658427436633,0.1011078488201588,0.2337854257581622,House,high
Noble Park North,0.1441649027827746,0.1441649027827746,0.0736969177096242,0.2195394721843333,House,high
Kilmore,0.2348863074667628,0.2348863074667628,0.2783461139234044,0.2997594914643582,House,high
Caulfield North,-0.0694304071158149,-0.0694304071158149,0.1983845029258363,0.1828442891605088,House,high
Seymour (Vic.),0.5515729541488761,0.5515729541488761,0.2797068958432031,0.4717052712397734,House,high
Ringwood (Vic.),0.4410094829230121,0.4410094829230121,0.1063356993487852,0.4755020593923748,House,high
Traralgon,0.5718875386987191,0.5718875386987191,0.2096105857347564,0.4758438515700003,House,high
Macleod (Vic.),0.2911322703974162,0.2911322703974162,0.043628163626973,0.2723381246114682,House,high
Kew (Vic.),-0.0229826843230867,-0.0229826843230867,0.3094446747287628,0.1938222378223308,House,high
Bulleen,0.1504154418979124,0.1504154418979124,0.0545996611507195,0.1234817363407035,House,high
Laverton (Vic.),0.2468981927551158,0.2468981927551158,-0.0640740673339035,0.1199095098441863,House,high
Vermont,0.0455718603154972,0.0455718603154972,0.0919214692795955,0.397489368014703,House,high
Brighton (Vic.),0.1176137770939915,0.1176137770939915,-0.1453212692523871,0.0859358762197712,House,high
California Gully,0.1050553688011591,0.1050553688011591,-0.2047496928671457,0.1102594126104342,House,high
Newport (Vic.),0.3868143536513745,0.3868143536513745,0.4037223652499837,0.4346378677790995,House,high
Frankston South,0.2472387691296833,0.2472387691296833,0.1851187361299356,0.275490581160426,House,high
Hastings (Vic.),0.0544787564583163,0.0544787564583163,-0.0266714733998787,0.0313177103000313,House,high
Lalor,0.2342209234648127,0.2342209234648127,-0.2696148500205744,0.031850819484573,House,high
Yarrawonga (Vic.),0.4082509955041622,0.4082509955041622,0.2452827779836361,0.5061970561977784,House,high
Geelong West,0.3648159457909282,0.3648159457909282,0.4117069940764266,0.4270549141738428,House,high
Elwood,0.045604705018598,0.045604705018598,0.1314542935238697,0.1442383196823541,House,high
Box Hill South,0.269771467080057,0.269771467080057,0.2466653658897605,0.2813290345341735,House,high
Rosanna,0.6592529801108158,0.6592529801108158,0.7437524078922055,0.730403670910512,House,high
Burwood East,0.0995943676837205,0.0995943676837205,0.0184095303918004,0.0878269338459024,House,high
Kangaroo Flat (Vic.),0.4980581484858499,0.4980581484858499,0.2984428482180555,0.5212576375575309,House,high
Derrimut,-0.4541209319673094,-0.4541209319673094,0.0831454731354618,0.0131290579757833,House,high
Drouin,-0.111299190876136,-0.111299190876136,0.391781218080043,0.2808342623475263,House,high
Westmeadows,0.3117879862795413,0.3117879862795413,-0.272401166305694,0.3689863053096419,House,high
Collingwood (Vic.),0.3052784531376178,0.3052784531376178,0.4503685224399704,0.5682023212245135,House,high
Croydon South,0.4596011650300887,0.4596011650300887,0.1989899947100608,0.3854057778748758,House,high
Clifton Springs,-2.878124912694825,-2.878124912694825,0.3703478888805094,0.0424015225850076,House,high
Skye (Vic.),-1.4590951166198272,-1.4590951166198272,0.0190259128760363,0.0410322485111556,House,high
Long Gully,0.4536935941240602,0.4536935941240602,0.3839378053655069,0.5674591484934497,House,high
Epsom (Vic.),0.3951810897220714,0.3951810897220714,0.1762780845840342,0.3636772185661954,House,high
Moonee Ponds,0.4607364494181564,0.4607364494181564,0.3224652151541916,0.4450435826353918,House,high
Waurn Ponds,-0.2863186123261878,-0.2863186123261878,-0.0031528983293738,0.2949279850305176,House,high
Mernda,0.1069488450015533,0.1069488450015533,-0.1277949472774653,0.0474124622250227,House,high
Taylors Lakes,0.4070572717089632,0.4070572717089632,-0.0944417623324869,0.2230935945392806,House,high
Sunshine North,0.12709286924688,0.12709286924688,-0.0964924891166083,0.0821432543680233,House,high
Mornington (Vic.),0.2919111014940786,0.2919111014940786,0.2067326070101713,0.4616754613133002,House,high
Ballarat Central,0.1391090875762773,0.1391090875762773,0.0872955184076588,0.1242901355582004,House,high
Lucas,0.1603524427067295,0.1603524427067295,-0.1219499241337951,0.0407596107856813,House,high
Kilsyth,0.3617024273475615,0.3617024273475615,0.1997468857518475,0.3061255700407711,House,high
Lyndhurst (Vic.),0.1744868667472012,0.1744868667472012,0.0725968405012137,0.3049593391897494,House,high
Killara (Wodonga - Vic.),-0.0278278916001841,-0.0278278916001841,-0.7913160581490681,0.2159368907069409,House,high
Doreen,0.2241936890795891,0.2241936890795891,0.4085718030477766,0.4249143390035518,House,high
Forest Hill (Vic.),0.019513215642104,0.019513215642104,-0.0815486534215155,0.0090829649412228,House,high
Hallam,-0.3039742727059713,-0.3039742727059713,0.2528518411553522,0.0484482741441165,House,high
Leongatha,0.4009180398740395,0.4009180398740395,0.3109868378751851,0.3684808961411885,House,high
Montmorency,-0.9946316675608023,-0.9946316675608023,0.472570038370995,0.2816438082401638,House,high
Kennington,-0.5035485792938919,-0.5035485792938919,0.2900430423556291,0.0137459190635373,House,high
Euroa,0.0864137826444264,0.0864137826444264,-0.0394150541981821,0.0485677454274176,House,high
Cobram,0.4843003672061629,0.4843003672061629,-0.034273932243829,0.4306395015451346,House,high
Ringwood North,0.5451368077165171,0.5451368077165171,0.4080174174489691,0.5964694388515743,House,high
Ballarat North,-0.0393584534214439,-0.0393584534214439,0.3806563910915507,0.1974875349675136,House,high
Camperdown (Vic.),0.7298680174778837,0.7298680174778837,0.5002173563782639,0.660992159029101,House,high
Eltham (Vic.),0.470985266881447,0.470985266881447,0.3996849895434683,0.6167229830483807,House,high
Aspendale Gardens,0.0535643240430863,0.0535643240430863,0.3029313539276866,0.2206527687639102,House,high
Cape Woolamai,0.288916467908078,0.288916467908078,0.2634986106699162,0.3138956706012087,House,high
Strathfieldsaye,0.3974601545680519,0.3974601545680519,0.2623041117265312,0.375505371524701,House,high
Croydon North,0.0005429794346962,0.0005429794346962,0.4053299651187059,0.2343895913847552,House,high
Bonshaw (Vic.),-0.4360228075528873,-0.4360228075528873,0.1202378984662455,0.252842856008824,House,high
Keilor,-0.6484342516170398,-0.6484342516170398,0.1794348858541901,0.0733751201866936,House,high
Leopold,0.3059004104019808,0.3059004104019808,0.4338304477896858,0.4222119339909403,House,high
Dingley Village,0.4377157162511521,0.4377157162511521,-0.0802379719979871,0.2513206678898709,House,high
Cape Paterson,-0.1314063224973658,-0.1314063224973658,0.1003564012090029,0.058638260589428,House,high
Melbourne,0.015950178875093,0.015950178875093,0.3718116563870102,0.3026067437931767,Unit,high
Ivanhoe (Vic.),0.5509610895429657,0.5509610895429657,0.0616805948644147,0.4068083686751502,Unit,high
St Leonards (Vic.),0.0712610463876841,0.0712610463876841,0.7427461017122094,0.6196114326734078,Unit,high
Ormond,0.6575507014710793,0.6575507014710793,0.6473425211937006,0.7396190882200566,Unit,high
Wodonga,0.7200748047736648,0.7200748047736648,0.6463018477070372,0.6927641766984589,Unit,high
West Wodonga,0.0474205591493273,0.0474205591493273,0.4877211428875011,0.3058826817302295,Unit,high
Tarneit,0.2979168353270117,0.2979168353270117,-0.3570313280959074,0.4206124243755323,Unit,high
Rowville,0.4455999938733028,0.4455999938733028,-0.1786682416867653,0.3242987210809808,Unit,high
Keysborough,0.6364432221278569,0.6364432221278569,0.4211198554159447,0.6163944865001312,Unit,high
Malvern (Vic.),0.4299328941218417,0.4299328941218417,0.2526791534770569,0.4476041094829689,Unit,high
Malvern East,0.4858688412046138,0.4858688412046138,0.4929751552344195,0.5140862490659244,Unit,high
Preston (Vic.),0.5069222460898758,0.5069222460898758,0.2181017317521245,0.4300138837488714,Unit,high
Reservoir (Vic.),0.4321437008505028,0.4321437008505028,0.1733009022142798,0.3440943586645337,Unit,high
Glen Iris (Vic.),0.310340973794472,0.310340973794472,0.4244341563623295,0.4713620988549575,Unit,high
Middle Park (Vic.),-0.8145405409497755,-0.8145405409497755,0.2355614392587788,0.0417882600305896,Unit,high
Toorak,0.0537547329132229,0.0537547329132229,0.0591093000027138,0.0743874139757602,Unit,high
St Kilda East,0.4695945941682967,0.4695945941682967,0.4724392458991244,0.5217522897525959,Unit,high
St Kilda (Vic.),0.4583791240732563,0.4583791240732563,0.3911580875488628,0.4670305667856277,Unit,high
Dandenong,0.3289081872225927,0.3289081872225927,0.2653218442602599,0.3439374355782212,Unit,high
Geelong West,0.6561557568850511,0.6561557568850511,0.6281857429512427,0.6534490138563347,Unit,high
South Yarra,0.3110519573045743,0.3110519573045743,0.3554310509176149,0.3788007508188219,Unit,high
West Melbourne,0.2410639879259936,0.2410639879259936,0.3974780666106172,0.4300970270638151,Unit,high
Wallan,-0.9007157270083845,-0.9007157270083845,-0.5651820347096366,0.0610238124226389,Unit,high
Mulgrave (Vic.),-0.0437306487892537,-0.0437306487892537,0.2411610593448608,0.4536589902111995,Unit,high
St Albans (Vic.),0.3132560757149655,0.3132560757149655,0.1125043865909976,0.3829256176555142,Unit,high
Craigieburn,0.4478270931695907,0.4478270931695907,0.2236443918555893,0.3990063996434004,Unit,high
Portland (Vic.),0.4160639944336021,0.4160639944336021,0.3475550125490229,0.4104353812285155,Unit,high
Elsternwick,0.5105125213099775,0.5105125213099775,0.5377505509861422,0.5473957101504969,Unit,high
Mount Waverley,0.5163317428785229,0.5163317428785229,0.0702698262442861,0.4052922986763202,Unit,high
Coburg North,0.0932323470847559,0.0932323470847559,0.4578315190806241,0.3243691507518297,Unit,high
Brighton East,0.3671962782795074,0.3671962782795074,0.156418514120056,0.3194012348007515,Unit,high
Belmont (Vic.),0.6672400940692336,0.6672400940692336,0.500247721877086,0.6316098386034943,Unit,high
Sunshine West,0.1397774658337051,0.1397774658337051,0.0318291699567029,0.397814860866292,Unit,high
Shepparton,0.6188654822164967,0.6188654822164967,0.4628653393204336,0.5758805074482873,Unit,high
Bendigo,0.4086032140482968,0.4086032140482968,0.379684606600112,0.4279491061503188,Unit,high
Carlton (Vic.),0.3920534163706447,0.3920534163706447,0.5216973534530316,0.483462446087203,Unit,high
Mentone,0.3369854661387507,0.3369854661387507,0.3669384187815436,0.3680858213737147,Unit,high
Thornbury,0.6390590027357437,0.6390590027357437,0.6556669151839981,0.7105650320878824,Unit,high
Fairfield (Vic.),0.7039294746456707,0.7039294746456707,0.6701565865829888,0.7773306068571504,Unit,high
Northcote,0.5246809463917008,0.5246809463917008,0.5358147454637455,0.5560593943921767,Unit,high
Burwood (Vic.),0.688416196943694,0.688416196943694,0.7526481779387595,0.7709507093655903,Unit,high
Berwick,0.4159452487206418,0.4159452487206418,0.1036996775353332,0.3305653104114856,Unit,high
Box Hill (Vic.),0.583068812997365,0.583068812997365,0.5681782323025248,0.6459931253845258,Unit,high
Frankston,0.6042856864749752,0.6042856864749752,0.5155507685391367,0.5967335190880488,Unit,high
Bundoora (Vic.),0.4613215263563005,0.4613215263563005,0.3785751309120394,0.4521883200242234,Unit,high
Cranbourne,0.0242789220155381,0.0242789220155381,-0.0727794350731705,0.4189518474580708,Unit,high
Parkville (Vic.),0.1464827194031522,0.1464827194031522,0.3048528826688484,0.2527052879632917,Unit,high
Lara,0.6422286697705909,0.6422286697705909,0.5484283690685046,0.6417194178033243,Unit,high
Heidelberg Heights,0.485646008414204,0.485646008414204,0.3520528724852233,0.4389382828180052,Unit,high
Clayton South,0.390939847257963,0.390939847257963,0.2621777961791343,0.5008913523496914,Unit,high
Torquay (Vic.),0.4381505632725335,0.4381505632725335,0.3431563544353466,0.4028074435953965,Unit,high
Corio,-0.1905589734711636,-0.1905589734711636,0.194477104364563,0.3762925360341608,Unit,high
Doncaster,0.5461415542667607,0.5461415542667607,0.4197604277926269,0.5410035680827394,Unit,high
Doncaster East,-0.5616972059295806,-0.5616972059295806,0.4217459542606427,0.0716352975295029,Unit,high
Narre Warren South,0.3526030892656461,0.3526030892656461,0.2006069425880028,0.3520388957651588,Unit,high
Collingwood (Vic.),0.2295790525217451,0.2295790525217451,0.0768409664494498,0.2025682197931961,Unit,high
Southbank,0.2692955255471828,0.2692955255471828,0.3685874725553436,0.4445748782021234,Unit,high
Noble Park,0.4961189703253446,0.4961189703253446,0.4731373746003392,0.5348515084333576,Unit,high
Mill Park,0.3418020010707028,0.3418020010707028,-0.259818754961014,0.3199001711929917,Unit,high
Patterson Lakes,-0.4625657956607416,-0.4625657956607416,0.2530897586508046,0.5221295650413188,Unit,high
Springvale (Vic.),0.4164765935953973,0.4164765935953973,0.1834258277050418,0.3306504785319616,Unit,high
Clarinda,0.2149329961921146,0.2149329961921146,0.2529333877650147,0.2421430884263632,Unit,high
Wyndham Vale,-0.2915254541038596,-0.2915254541038596,-0.6035955519113987,0.466781339467022,Unit,high
Manor Lakes,0.2690236763620603,0.2690236763620603,-0.8775655330274088,0.0796677941153714,Unit,high
Essendon,0.605962591112674,0.605962591112674,0.4621507494624068,0.5829715188221667,Unit,high
Werribee,0.5457534132118267,0.5457534132118267,0.082324725203188,0.4058549029464872,Unit,high
Mickleham,0.2791817894461357,0.2791817894461357,-0.0035774579433631,0.2116336240041905,Unit,high
Fawkner,-0.8534748009824933,-0.8534748009824933,-0.0069851532665938,0.42156589927124,Unit,high
Geelong,0.4274876538408831,0.4274876538408831,0.5808828451122203,0.6096204143609044,Unit,high
Capel Sound,0.4057223364439934,0.4057223364439934,-0.3608312346815139,0.3677240223569108,Unit,high
Armadale (Vic.),0.333451022100346,0.333451022100346,0.3482506966301982,0.4115209040315399,Unit,high
Mildura,0.5932814189487694,0.5932814189487694,-1.2945566215835589,0.1190336745741095,Unit,high
Sebastopol (Vic.),-0.4942092556066448,-0.4942092556066448,0.2923849359485757,0.5601839835929913,Unit,high
South Morang,0.4695449494163092,0.4695449494163092,-0.0337532802257463,0.3234537170683745,Unit,high
Niddrie,0.1424873373556058,0.1424873373556058,0.1991514721290346,0.1907129281370017,Unit,high
Altona Meadows,0.4268350038357902,0.4268350038357902,0.3093592916368335,0.4173759888293248,Unit,high
Keilor East,0.4780735811427543,0.4780735811427543,0.1856846337977182,0.4401542939433479,Unit,high
Point Cook,0.2623302609121625,0.2623302609121625,-0.2892098806993972,0.1354683937500895,Unit,high
North Bendigo,0.4609354978232965,0.4609354978232965,0.5385798504434312,0.6164505141023615,Unit,high
Kennington,-2.0580950903343225,-2.0580950903343225,0.1586686837738791,0.3220207016192083,Unit,high
Flora Hill,0.5388118095580747,0.5388118095580747,0.4840576560785126,0.612096588114108,Unit,high
Cheltenham (Vic.),0.537135543488597,0.537135543488597,0.4598269818803127,0.5181920094522917,Unit,high
Swan Hill,0.6366493420224879,0.6366493420224879,0.6027239361232414,0.635180596680814,Unit,high
Brunswick West,0.564285221077124,0.564285221077124,0.5569253681980735,0.5965225179403437,Unit,high
Strathmore (Vic.),-0.8766870134741487,-0.8766870134741487,0.637819860572835,0.1494207182830842,Unit,high
Airport West,0.4658496879012319,0.4658496879012319,0.1466707885634059,0.3405869588766004,Unit,high
Daylesford,0.430767266523746,0.430767266523746,0.3534551036527191,0.4173281038767303,Unit,high
Bayswater (Vic.),0.4468849131061385,0.4468849131061385,0.433363384835427,0.5377794063770386,Unit,high
Balwyn,0.5440880317428249,0.5440880317428249,0.3723799722421672,0.4787051311417671,Unit,high
Kew East,-0.1151036016376878,-0.1151036016376878,0.4149671315827996,0.32612226330929,Unit,high
Kew (Vic.),0.2136069923163505,0.2136069923163505,0.2845212429155228,0.3662980410996517,Unit,high
Sale,0.6091308280261245,0.6091308280261245,0.6633306101150847,0.7036722302098735,Unit,high
Williamstown (Vic.),0.3930567430180987,0.3930567430180987,0.458555838303855,0.4455828216733637,Unit,high
Thomastown,0.3705173808317396,0.3705173808317396,0.2339559452915611,0.315071146179206,Unit,high
Stawell,0.6233919573377054,0.6233919573377054,0.3809195213262188,0.5714330353902923,Unit,high
Hoppers Crossing,0.3012901520038604,0.3012901520038604,0.0281085709161228,0.2057587793652601,Unit,high
Kyneton,0.701249397514922,0.701249397514922,0.6884466467487833,0.7053301116940228,Unit,high
Altona North,0.494467973522027,0.494467973522027,0.4304317453660367,0.5616084045572227,Unit,high
Moonee Ponds,0.5225166881981083,0.5225166881981083,0.5403432429105508,0.5632784637248969,Unit,high
Prahran,-0.1259204694832196,-0.1259204694832196,0.4686275982889721,0.2535633451873221,Unit,high
Docklands,0.2049574173928527,0.2049574173928527,-0.1327313078357683,0.3267103271259266,Unit,high
Gisborne,0.7879196149631004,0.7879196149631004,0.7710580621804397,0.7947143366724089,Unit,high
Caulfield,0.608469427553725,0.608469427553725,0.5397285737872595,0.6259855632925978,Unit,high
Caulfield North,0.3957218790666911,0.3957218790666911,0.4205382229729629,0.4224235651688186,Unit,high
Fitzroy North,0.0739599617747001,0.0739599617747001,0.4617925994189724,0.3239291992951669,Unit,high
Chadstone,0.4157011556441448,0.4157011556441448,0.239718915019211,0.5148960339034595,Unit,high
Windsor (Vic.),0.4577540636882975,0.4577540636882975,0.4321297414422311,0.5120022586527195,Unit,high
Mount Martha,-0.1947302014971565,-0.1947302014971565,0.4872070080293932,0.5045747253281134,Unit,high
Newcomb,-0.0880692803695006,-0.0880692803695006,0.5534445806086332,0.3350866727639039,Unit,high
Mordialloc,0.7497269351972842,0.7497269351972842,0.5478670203311149,0.684665537712768,Unit,high
Aspendale,-0.0262711581864349,-0.0262711581864349,0.3249433101782907,0.2286218718141968,Unit,high
Ararat,-0.0313176013358316,-0.0313176013358316,0.5993639303216649,0.6951478164654831,Unit,high
St Kilda West,-0.0341190236781019,-0.0341190236781019,0.0924089952335061,0.0898023953930402,Unit,high
Boronia,0.3954878696704413,0.3954878696704413,0.2912749004415023,0.3895695367480948,Unit,high
Maribyrnong,0.3026866284010999,0.3026866284010999,0.3394985845826567,0.528906731954657,Unit,high
Mount Eliza,0.2823751110173735,0.2823751110173735,0.3782826901185585,0.3514176338260422,Unit,high
Wantirna South,0.4877865985398875,0.4877865985398875,0.3569979785284368,0.4537635237973857,Unit,high
Pascoe Vale South,0.4986862131191925,0.4986862131191925,0.494410924398889,0.5181831956941356,Unit,high
Bentleigh,-0.1951935230294523,-0.1951935230294523,0.2645168593294398,0.0881541653122592,Unit,high
McKinnon,0.1766326483258133,0.1766326483258133,0.3286759236120917,0.3315545240295742,Unit,high
Ringwood East,0.6077881418953085,0.6077881418953085,0.3067607928434798,0.548971740554025,Unit,high
Warrnambool,-1.1858218513748868,-1.1858218513748868,0.5147403612858605,0.4009676802443161,Unit,high
Bacchus Marsh,0.3700877467717164,0.3700877467717164,0.4924460149402659,0.4725716037921394,Unit,high
Darley,0.3925205959005946,0.3925205959005946,-0.2134323623373089,0.3891060423632839,Unit,high
Highton,0.542265819518374,0.542265819518374,0.682594435184977,0.7172632235289746,Unit,high
West Footscray,0.7396519886940214,0.7396519886940214,0.7411537980196258,0.7686652850438387,Unit,high
Elwood,0.5065961620015036,0.5065961620015036,0.3913020835274277,0.4836012596934664,Unit,high
Surrey Hills,0.4421834322576602,0.4421834322576602,0.3307544239758279,0.4764167364867498,Unit,high
Abbotsford (Vic.),0.4049942470840156,0.4049942470840156,0.5381897700138314,0.4876545067051315,Unit,high
Balwyn North,0.2105643902728803,0.2105643902728803,0.2482565815146574,0.2855348138160227,Unit,high
Coburg,0.3865262513962735,0.3865262513962735,0.4940414493169488,0.5774602723908306,Unit,high
South Melbourne,0.3016749677299187,0.3016749677299187,0.3302833904624116,0.3728603778481341,Unit,high
Essendon West,0.2566722221236023,0.2566722221236023,0.1371588341537087,0.2367086155687695,Unit,high
Whittington,0.3382254390422043,0.3382254390422043,0.2448565929258664,0.3386820339830511,Unit,high
Ferntree Gully,0.4444491161703737,0.4444491161703737,0.2469568695579111,0.3759476602992505,Unit,high
Mooroolbark,0.3605763353713525,0.3605763353713525,0.2432759963846681,0.3102086076125154,Unit,high
Kingsville,0.7850715025906434,0.7850715025906434,0.7185933464817984,0.7844094034963845,Unit,high
Camberwell (Vic.),0.1666087264484819,0.1666087264484819,0.1404819974365728,0.3012302081165983,Unit,high
Carlton North,0.0915582348425683,0.0915582348425683,0.1766936711360148,0.1634880361485449,Unit,high
Eaglemont,0.5663776343705047,0.5663776343705047,0.7371646926096207,0.8133826183737533,Unit,high
Hawthorn East,0.2138409461889409,0.2138409461889409,0.0833898318832596,0.1863024988793526,Unit,high
Box Hill North,0.0258759850479438,0.0258759850479438,0.1596571277378727,0.0979785070024577,Unit,high
Kalkallo,0.3108186077139934,0.3108186077139934,-1.4495007975802303,0.0418158831171787,Unit,high
Ascot Vale,0.5568541297873146,0.5568541297873146,0.4750570738019055,0.5338451992713972,Unit,high
Alphington,0.5523348783578645,0.5523348783578645,0.5275516006840659,0.5544714825167412,Unit,high
Kilmore,0.4595595044254013,0.4595595044254013,0.591937247344378,0.5734366622659793,Unit,high
Herne Hill (Vic.),-0.2515010217812055,-0.2515010217812055,0.6066546938113329,0.2949601127471689,Unit,high
Flemington,0.3304533883537187,0.3304533883537187,0.4839890358463659,0.5328792508937322,Unit,high
Glen Huntly,0.7061630577400819,0.7061630577400819,0.5949738086632359,0.6725841137303036,Unit,high
Tullamarine,0.3379706289636908,0.3379706289636908,0.1922895108151715,0.2790679861887072,Unit,high
Ringwood (Vic.),0.560618329378112,0.560618329378112,0.356153448500293,0.5400223159631057,Unit,high
Ringwood North,-0.8746822083578236,-0.8746822083578236,0.1538644556574682,0.4026186819518893,Unit,high
Traralgon,0.7093987374348297,0.7093987374348297,0.5023540035233949,0.6559618878238758,Unit,high
Macleod (Vic.),0.773321250013136,0.773321250013136,0.6667584231893119,0.7679288637649649,Unit,high
Bulleen,-0.8860088074537185,-0.8860088074537185,0.5208903530720099,0.2854532081156629,Unit,high
Heathmont,0.541158279756073,0.541158279756073,0.6218489371167826,0.7284631529745065,Unit,high
Vermont,0.4332222738351823,0.4332222738351823,-0.149399596316337,0.3626372689850834,Unit,high
Norlane,0.447511859073659,0.447511859073659,-0.191125238057277,0.4070793712190155,Unit,high
Melton (Vic.),-1.4187581199361603,-1.4187581199361603,0.0253027043970799,0.3198466388603144,Unit,high
Pakenham,0.3909113865396068,0.3909113865396068,-0.2764313937948699,0.1350648894494078,Unit,high
Maffra (Vic.),0.5002157979052784,0.5002157979052784,0.4467950226932988,0.5037942679062595,Unit,high
Newport (Vic.),0.6663663582537352,0.6663663582537352,0.6284786585038272,0.6647898647685824,Unit,high
Bentleigh East,0.4357891411297887,0.4357891411297887,0.3311711136563589,0.4297030503564411,Unit,high
Taylors Lakes,0.2064694917139108,0.2064694917139108,0.1893429557080055,0.2729647431468083,Unit,high
Clifton Hill,0.5598222027954181,0.5598222027954181,0.4289064843121871,0.5354069895100888,Unit,high
Hastings (Vic.),0.5363440192190596,0.5363440192190596,0.044648531527476,0.3522891417854275,Unit,high
Lalor,0.4178670691027281,0.4178670691027281,-0.6296379497466305,0.1209934132675252,Unit,high
Yarrawonga (Vic.),0.5640796253213435,0.5640796253213435,0.6005081437732932,0.6694539431753348,Unit,high
Box Hill South,0.5634942697590781,0.5634942697590781,0.2117623454918558,0.4385542284238749,Unit,high
Rosanna,0.5659195051278997,0.5659195051278997,0.408228976995844,0.5517365649212591,Unit,high
Burwood East,0.2964561890884238,0.2964561890884238,0.2164962749918925,0.2978581878307361,Unit,high
Bonbeach,-0.2166056428366416,-0.2166056428366416,0.4415575336993579,0.1729136745360303,Unit,high
Kangaroo Flat (Vic.),0.3658149725417857,0.3658149725417857,0.5951677775557306,0.6845113564302898,Unit,high
Dallas,0.5444704186415701,0.5444704186415701,0.1678983547514361,0.4179262282132305,Unit,high
Williams Landing,0.4826528862446749,0.4826528862446749,0.2561851942979185,0.4155272745817335,Unit,high
Drouin,0.6196732281170956,0.6196732281170956,0.4776159569664365,0.5958893365472766,Unit,high
Ballarat Central,0.0981707938425279,0.0981707938425279,0.2622466582212883,0.2147945531967559,Unit,high
Dromana,0.4872080522331971,0.4872080522331971,0.6546435834227062,0.6229760582527384,Unit,high
Campbellfield,0.539938144800149,0.539938144800149,0.4759882443588985,0.531138044266804,Unit,high
Yarraville,0.5590848365376685,0.5590848365376685,0.4706172896727487,0.6130269067201148,Unit,high
Moe,0.5640677062971493,0.5640677062971493,0.5866881967817789,0.5872890665614904,Unit,high
Knoxfield,0.180363617228746,0.180363617228746,0.0293221666156263,0.124329522954801,Unit,high
Eumemmerring,0.5968126880668443,0.5968126880668443,0.4621475277292145,0.6122536687862175,Unit,high
Waurn Ponds,-0.0583185163397268,-0.0583185163397268,0.6967842982533332,0.4213586748465224,Unit,high
Ivanhoe East,0.3437831524571713,0.3437831524571713,0.5732187720166917,0.4747085822367608,Unit,high
Brown Hill (Vic.),-0.0261370244694312,-0.0261370244694312,0.6258913237932378,0.3685269636035271,Unit,high
Sunshine North,0.1381569830169298,0.1381569830169298,0.2346328020524019,0.5503774309777102,Unit,high
Redan,0.5695281141845775,0.5695281141845775,0.4078752329050058,0.5400421329380101,Unit,high
Eltham (Vic.),0.5491249463040725,0.5491249463040725,0.5160103865839287,0.5546772012066327,Unit,high
Chelsea,-0.0329417023875229,-0.0329417023875229,0.4672996580291212,0.2591812721974089,Unit,high
Kilsyth,0.513396772780619,0.513396772780619,0.1537134507300935,0.4549093838469427,Unit,high
Doreen,0.2364589358600892,0.2364589358600892,-0.4064659315777978,0.0086957079131552,Unit,high
Lyndhurst (Vic.),0.3622229084523251,0.3622229084523251,-0.0225774670616283,0.2045668932797369,Unit,high
Colac,0.6563560633702272,0.6563560633702272,0.2979931924221184,0.5527412168209382,Unit,high
Maddingley,0.4425667247117765,0.4425667247117765,-0.377338962979423,0.1920597474817019,Unit,high
Hallam,-1.556100799773152,-1.556100799773152,0.3557791953199742,0.0909599398869943,Unit,high
Newborough,-1.3916082985372094,-1.3916082985372094,0.3611622980672123,0.2790717136195481,Unit,high
Leongatha,-0.1618802987377807,-0.1618802987377807,0.2014158412465004,0.0647491481994115,Unit,high
Delacombe,0.3434866084743158,0.3434866084743158,0.6471538142819799,0.5438268993079163,Unit,high
Beaumaris (Vic.),0.0221418685826412,0.0221418685826412,-0.0718482134436726,0.1147228967346234,Unit,high
Montmorency,0.1611889427908982,0.1611889427908982,0.3386054954885721,0.2663305751540757,Unit,high
Mont Albert,0.612685676589419,0.612685676589419,0.5000428866813349,0.6805499665219281,Unit,high
Cobram,0.6490238754130941,0.6490238754130941,0.7303721292978111,0.7800277948603842,Unit,high
Thomson (Greater Geelong - Vic.),-0.4824623867117841,-0.4824623867117841,0.6695319430084982,0.5714867642126806,Unit,high
South Kingsville,0.7332965122422899,0.7332965122422899,0.6493949793176124,0.7184057506536539,Unit,high
Roxburgh Park,0.5469508894873456,0.5469508894873456,0.1164494184496347,0.4687458887276345,Unit,high
Paynesville (Vic.),0.4700499526258833,0.4700499526258833,0.648701429984548,0.6429874501210933,Unit,high
Ballarat North,0.6874927708323555,0.6874927708323555,0.5927204864772876,0.6913024234528189,Unit,high
Frankston South,0.4015693867271327,0.4015693867271327,0.3697743441120721,0.4058682165592224,Unit,high
Portarlington,0.5286711550278054,0.5286711550278054,0.2282212936661796,0.5878573558302828,Unit,high
Mount Pleasant (Vic.),0.7096782467307701,0.7096782467307701,0.4866828350193898,0.6428541078780778,Unit,high
Croydon North,0.5305538039655486,0.5305538039655486,0.3200994893161933,0.492240015936187,Unit,high
Ardeer,-0.0836118722863559,-0.0836118722863559,-1.5800852967026129,0.0030616017309645,Unit,high
Leopold,0.4629576489939366,0.4629576489939366,0.195048604866393,0.3665603966768093,Unit,high
Mansfield (Vic.),0.4846861512895217,0.4846861512895217,0.3814187570153799,0.5419465501627416,Unit,high
Dingley Village,0.4096932276420033,0.4096932276420033,-0.1559130155605796,0.3817475243604941,Unit,high
Viewbank,-1.3276517253275903,-1.3276517253275903,0.1431571348064972,0.388333028776391,Unit,high
Somerville (Vic.),-0.3075689523530198,-0.3075689523530198,0.3544148935287284,0.3584408167690673,Unit,high
Point Lonsdale,0.6237023724227035,0.6237023724227035,0.2941703101715375,0.5209067477275526,Unit,high
Nichols Point,0.7781056861792233,0.7781056861792233,0.8864254811872144,0.9135891262592928,House,low
Kilsyth South,0.6479131352819401,0.6479131352819401,-0.3176830744300001,0.5243312698284044,House,low
Warrandyte,0.4909589258084577,0.4909589258084577,0.4954897059049815,0.5047865568242298,House,low
Ballan,0.0336522133050825,0.0336522133050825,0.1747704362241388,0.5250508188320699,House,low
East Melbourne,-0.0125967896354703,-0.0125967896354703,0.3770138001659412,0.2665929987108246,House,low
Glen Waverley,-0.1913147229490526,-0.1913147229490526,0.2567709114726514,0.5621932274299164,House,low
Pascoe Vale,0.0969931651595694,0.0969931651595694,-0.0545149629190646,0.3899782792089006,House,low
Mirboo North,0.4286032885390426,0.4286032885390426,0.6825430711666824,0.599997625366012,House,low
Numurkah,0.3059894855537862,0.3059894855537862,0.1254695175107917,0.2764473635278376,House,low
Essendon North,0.5584744191832176,0.5584744191832176,0.677236912507482,0.7483957385168876,House,low
Longwarry,0.2446939890611161,0.2446939890611161,0.0293034023797714,0.1559789262787714,House,low
Mount Evelyn,0.0523990742749586,0.0523990742749586,-0.1966141218565134,0.1518434203833499,House,low
Dandenong South,0.7960492632613808,0.7960492632613808,0.2188260172011804,0.5784196726897365,House,low
Quarry Hill,0.1343745394304177,0.1343745394304177,0.4141141628412814,0.9180314887889532,House,low
Sunset Strip (Vic.),0.4307484956267721,0.4307484956267721,0.4786636969262138,0.4754586357553938,House,low
Hopetoun (Vic.),-4.296211207111352,-4.296211207111352,0.3037765119799633,0.209642783014773,House,low
Invermay Park,0.8214897114465031,0.8214897114465031,0.5014583096847895,0.7013597675949693,House,low
Cranbourne South,-1.4634252286718743,-1.4634252286718743,0.5547385080831457,0.472878861041764,House,low
Caulfield East,-1.0842356398203905,-1.0842356398203905,-0.3429877207500342,0.7203442001649697,House,low
Port Albert,0.7377790435358743,0.7377790435358743,0.4247431695466247,0.8209866280121911,House,low
Baranduda,-0.9221685968295978,-0.9221685968295978,0.5743290753442571,0.444784781116301,House,low
Fingal (Vic.),-0.3254426289390573,-0.3254426289390573,0.461454657216292,0.1291298269306233,House,low
Derrimut,0.4323703061843472,0.4323703061843472,-0.72082425902498,0.4750584252662286,House,low
Romsey,-0.5091221775035286,-0.5091221775035286,0.8361151174696679,0.5826813493134643,House,low
Aberfeldie,-0.8916985140817555,-0.8916985140817555,0.5559251900022567,0.00645604476412,House,low
Birregurra,0.6111307229931477,0.6111307229931477,0.7653924967163379,0.8261930439865748,House,low
Jan Juc,-0.6911845205241052,-0.6911845205241052,-1.943757917491542,0.2539145820705519,House,low
Carnegie,0.0469128033660529,0.0469128033660529,0.3938832817251,0.3163403774961255,House,low
Mount Cottrell,0.2936163085928809,0.2936163085928809,0.1892272033342357,0.3728029811788149,House,low
Rippleside,-0.0992056495227993,-0.0992056495227993,0.5704965848531953,0.540075804918823,House,low
Coldstream (Vic.),-1.7670986371264563,-1.7670986371264563,-0.2415268789698963,0.4639228628938396,House,low
California Gully,0.2660289352612381,0.2660289352612381,0.2501785465350324,0.6427212093311931,House,low
Nicholson (Vic.),0.2858818550887084,0.2858818550887084,-0.0473311014150943,0.2903081789513286,House,low
Buninyong,0.2976960142099047,0.2976960142099047,0.3488271956875532,0.3443140587418435,House,low
Carrum Downs,0.9379399320292816,0.9379399320292816,-1.7272220752984406,0.4142272941526994,House,low
Deepdene (Vic.),0.336836708429103,0.336836708429103,0.380873942473951,0.5200915549676077,House,low
Spring Gully (Vic.),0.7696977204593487,0.7696977204593487,0.4428372773934943,0.6593784249457404,House,low
Junortoun,0.475035618657448,0.475035618657448,0.4146804020913799,0.5322807646144838,House,low
Ironbark (Vic.),0.3700858745947095,0.3700858745947095,-0.5851271587781857,0.1382112332068689,House,low
Foster,0.8783599235533601,0.8783599235533601,0.8406214170769216,0.8862749213085654,House,low
Nhill,0.4448306847237891,0.4448306847237891,0.0064558072223779,0.3071058492612417,House,low
Fitzroy (Vic.),0.4691375045107282,0.4691375045107282,-0.0876033802961426,0.3552750667277219,House,low
Richmond (Vic.),-0.3211776139974764,-0.3211776139974764,0.3322315127435059,0.084211373578611,House,low
Croydon South,0.1777568097632438,0.1777568097632438,0.1754551733128172,0.1826972033837149,House,low
Kyabram,0.702079553777573,0.702079553777573,0.5475571483969554,0.670131483969112,House,low
Heathcote (Vic.),0.0973183851162744,0.0973183851162744,0.3733236286176795,0.2878194020041092,House,low
Kalimna,0.3526698899785428,0.3526698899785428,0.3551952732796043,0.4428714724780558,House,low
Epsom (Vic.),0.3061179344383895,0.3061179344383895,0.4204328263471125,0.4178480554866314,House,low
Bannockburn (Vic.),0.2619312184944524,0.2619312184944524,0.4116495692909442,0.3464290081908731,House,low
Footscray,0.1041768465378147,0.1041768465378147,0.3204341453118495,0.2372753112230076,House,low
Beaufort (Vic.),0.2733438849452529,0.2733438849452529,-0.0941396972410351,0.1862569141305431,House,low
Vermont South,0.1078683922023339,0.1078683922023339,-0.1394477087901517,0.1195131429336062,House,low
Glenroy (Vic.),0.0713156000199413,0.0713156000199413,-0.0417743082677839,0.4038055822693099,House,low
Killara (Wodonga - Vic.),0.6584220942559971,0.6584220942559971,0.9566819335844542,0.8490052058070657,House,low
Boort,0.5199257012037077,0.5199257012037077,0.373146795248837,0.6469657154914976,House,low
Lysterfield,0.5325774927231113,0.5325774927231113,-0.1958141490764642,0.2949971280725159,House,low
Hawthorn (Vic.),0.5489840231699181,0.5489840231699181,0.6998299341434573,0.8488127533359764,House,low
Yea,0.6510287291291539,0.6510287291291539,-0.0894714126347455,0.396487598569662,House,low
Avenel,-4.81958207829155,-4.81958207829155,-2.046054569787908,0.1817005044682431,House,low
Bright (Vic.),0.4302434782165911,0.4302434782165911,0.4801706506091929,0.4823021563577118,House,low
Strathmerton,0.6827664217604469,0.6827664217604469,-0.8170441256805694,0.5073779326251626,House,low
Winchelsea,0.7382374685971878,0.7382374685971878,0.5970075605589544,0.6977042558876514,House,low
Allansford,-2.5396545830261803,-2.5396545830261803,-0.1497724409211187,0.4504991426419248,House,low
St Andrews Beach,-1.2799079619767664,-1.2799079619767664,-0.2964482214532882,0.0030952624702088,House,low
Soldiers Hill (Vic.),0.3822413006100403,0.3822413006100403,0.2279529047304104,0.9288726366165848,House,low
Camperdown (Vic.),0.2830686632124357,0.2830686632124357,0.52693636598628,0.4872132393955574,House,low
Elliminyt,0.7061755130149849,0.7061755130149849,0.6306641930322674,0.7253464969395202,House,low
Tecoma,0.7273253621958075,0.7273253621958075,0.7962536415503211,0.7909455418738557,House,low
Creswick,0.3881570181903532,0.3881570181903532,-0.5978440057798726,0.0542433931475775,House,low
Irymple (Vic.),0.4643474928658746,0.4643474928658746,0.6134202636672074,0.5552951794595866,House,low
Lancefield,0.8923332112280258,0.8923332112280258,0.6212298682174708,0.8378087256162905,House,low
Yallourn North,-0.6723950929793483,-0.6723950929793483,0.3549295560407534,0.4664807279747995,House,low
Heatherton,0.3888229634143023,0.3888229634143023,0.3398931698607179,0.6087677966785754,House,low
Strathfieldsaye,-0.2850394644743033,-0.2850394644743033,0.1917866805168859,0.236949410079737,House,low
San Remo (Vic.),0.7373910196030948,0.7373910196030948,0.7137180804305591,0.754592637635429,House,low
Beechworth,0.3291122476252864,0.3291122476252864,0.3278411917475422,0.3788058196699642,House,low
McKenzie Hill,0.8054333793625601,0.8054333793625601,0.5033216702958173,0.7433801478647735,House,low
Anglesea,-0.1833923157032011,-0.1833923157032011,0.0126146778691575,0.130074266054683,House,low
Heywood,0.2872325582789142,0.2872325582789142,0.4251291986027539,0.3597572606428196,House,low
Bonshaw (Vic.),0.53941062333724,0.53941062333724,0.3233167097580158,0.4950457967164693,House,low
Warrenheip,0.5731608260977827,0.5731608260977827,0.4123607325399284,0.6302407123951859,House,low
Bundalong,0.61128345477398,0.61128345477398,-0.1584445054945074,0.4741351401379001,House,low
Eltham North,-1.341913245374568,-1.341913245374568,0.5429403288845883,0.0745727898969131,House,low
Chiltern,0.6324224861954291,0.6324224861954291,0.1880153528276754,0.4366956248544422,House,low
Nagambie,0.7307365598537714,0.7307365598537714,0.5398854499737864,0.6784658271347696,House,low
Merbein,0.8951054664824859,0.8951054664824859,0.2629531218669614,0.7248192730261016,House,low
Wy Yung,0.4025629488662138,0.4025629488662138,0.4827914380473258,0.729395562387791,House,low
Cape Paterson,0.2828631919511409,0.2828631919511409,0.4449010486059224,0.7168496697520861,House,low
Trentham,0.7315887587703485,0.7315887587703485,0.6255377432370206,0.7159841507543709,House,low
Teesdale (Vic.),0.5821666419728906,0.5821666419728906,0.2507276189436662,0.6701970323595478,House,low
Gembrook,0.8378130369973723,0.8378130369973723,-0.4713207504921661,0.6508162448676453,House,low
Blackburn,-0.3225172760615507,-0.3225172760615507,0.3514129894963831,0.0442172989882343,House,low
Hepburn Springs,0.3809503307800308,0.3809503307800308,0.3072394732161375,0.376490320164802,House,low
Lake Tyers Beach,-0.3811053076610837,-0.3811053076610837,0.1982376261742779,0.0835137059283076,House,low
Lorne (Vic.),0.2392036303780382,0.2392036303780382,0.0252539979040329,0.1951420990620208,House,low
Montrose (Vic.),0.6946351752695936,0.6946351752695936,0.5338095716608819,0.6660271012365693,House,low
Rosedale (Vic.),0.3203922389995224,0.3203922389995224,0.8565929960984662,0.6652864439666666,House,low
Warracknabeal,0.1025787888189446,0.1025787888189446,0.7625881381384486,0.5061430617578411,House,low
Yarra Glen,0.5048180215301813,0.5048180215301813,0.0517086435957246,0.3075140763869169,House,low
Coronet Bay,0.0954771059621113,0.0954771059621113,0.5840162133687441,0.4306645649010817,House,low
Wurruk,0.6553396603331884,0.6553396603331884,-1.4280588686129487,0.1558800877166691,House,low
Baxter,0.3295022378393312,0.3295022378393312,0.6620538151367887,0.7740029850099623,House,low
Nichols Point,0.7781056861792233,0.7781056861792233,0.8864254811872144,0.9135891262592928,Unit,low
Kilsyth South,0.6479131352819401,0.6479131352819401,-0.3176830744300001,0.5243312698284044,Unit,low
Warrandyte,0.4909589258084577,0.4909589258084577,0.4954897059049815,0.5047865568242298,Unit,low
Ballan,0.0336522133050825,0.0336522133050825,0.1747704362241388,0.5250508188320699,Unit,low
East Melbourne,-0.0125967896354703,-0.0125967896354703,0.3770138001659412,0.2665929987108246,Unit,low
Glen Waverley,-0.1913147229490526,-0.1913147229490526,0.2567709114726514,0.5621932274299164,Unit,low
Pascoe Vale,0.0969931651595694,0.0969931651595694,-0.0545149629190646,0.3899782792089006,Unit,low
Mirboo North,0.4286032885390426,0.4286032885390426,0.6825430711666824,0.599997625366012,Unit,low
Numurkah,0.3059894855537862,0.3059894855537862,0.1254695175107917,0.2764473635278376,Unit,low
Essendon North,0.5584744191832176,0.5584744191832176,0.677236912507482,0.7483957385168876,Unit,low
Longwarry,0.2446939890611161,0.2446939890611161,0.0293034023797714,0.1559789262787714,Unit,low
Mount Evelyn,0.0523990742749586,0.0523990742749586,-0.1966141218565134,0.1518434203833499,Unit,low
Dandenong South,0.7960492632613808,0.7960492632613808,0.2188260172011804,0.5784196726897365,Unit,low
Quarry Hill,0.1343745394304177,0.1343745394304177,0.4141141628412814,0.9180314887889532,Unit,low
Sunset Strip (Vic.),0.4307484956267721,0.4307484956267721,0.4786636969262138,0.4754586357553938,Unit,low
Hopetoun (Vic.),-4.296211207111352,-4.296211207111352,0.3037765119799633,0.209642783014773,Unit,low
Invermay Park,0.8214897114465031,0.8214897114465031,0.5014583096847895,0.7013597675949693,Unit,low
Cranbourne South,-1.4634252286718743,-1.4634252286718743,0.5547385080831457,0.472878861041764,Unit,low
Caulfield East,-1.0842356398203905,-1.0842356398203905,-0.3429877207500342,0.7203442001649697,Unit,low
Port Albert,0.7377790435358743,0.7377790435358743,0.4247431695466247,0.8209866280121911,Unit,low
Baranduda,-0.9221685968295978,-0.9221685968295978,0.5743290753442571,0.444784781116301,Unit,low
Fingal (Vic.),-0.3254426289390573,-0.3254426289390573,0.461454657216292,0.1291298269306233,Unit,low
Derrimut,0.4323703061843472,0.4323703061843472,-0.72082425902498,0.4750584252662286,Unit,low
Romsey,-0.5091221775035286,-0.5091221775035286,0.8361151174696679,0.5826813493134643,Unit,low
Aberfeldie,-0.8916985140817555,-0.8916985140817555,0.5559251900022567,0.00645604476412,Unit,low
Birregurra,0.6111307229931477,0.6111307229931477,0.7653924967163379,0.8261930439865748,Unit,low
Jan Juc,-0.6911845205241052,-0.6911845205241052,-1.943757917491542,0.2539145820705519,Unit,low
Carnegie,0.0469128033660529,0.0469128033660529,0.3938832817251,0.3163403774961255,Unit,low
Mount Cottrell,0.2936163085928809,0.2936163085928809,0.1892272033342357,0.3728029811788149,Unit,low
Rippleside,-0.0992056495227993,-0.0992056495227993,0.5704965848531953,0.540075804918823,Unit,low
Coldstream (Vic.),-1.7670986371264563,-1.7670986371264563,-0.2415268789698963,0.4639228628938396,Unit,low
California Gully,0.2660289352612381,0.2660289352612381,0.2501785465350324,0.6427212093311931,Unit,low
Nicholson (Vic.),0.2858818550887084,0.2858818550887084,-0.0473311014150943,0.2903081789513286,Unit,low
Buninyong,0.2976960142099047,0.2976960142099047,0.3488271956875532,0.3443140587418435,Unit,low
Carrum Downs,0.9379399320292816,0.9379399320292816,-1.7272220752984406,0.4142272941526994,Unit,low
Deepdene (Vic.),0.336836708429103,0.336836708429103,0.380873942473951,0.5200915549676077,Unit,low
Spring Gully (Vic.),0.7696977204593487,0.7696977204593487,0.4428372773934943,0.6593784249457404,Unit,low
Junortoun,0.475035618657448,0.475035618657448,0.4146804020913799,0.5322807646144838,Unit,low
Ironbark (Vic.),0.3700858745947095,0.3700858745947095,-0.5851271587781857,0.1382112332068689,Unit,low
Foster,0.8783599235533601,0.8783599235533601,0.8406214170769216,0.8862749213085654,Unit,low
Nhill,0.4448306847237891,0.4448306847237891,0.0064558072223779,0.3071058492612417,Unit,low
Fitzroy (Vic.),0.4691375045107282,0.4691375045107282,-0.0876033802961426,0.3552750667277219,Unit,low
Richmond (Vic.),-0.3211776139974764,-0.3211776139974764,0.3322315127435059,0.084211373578611,Unit,low
Croydon South,0.1777568097632438,0.1777568097632438,0.1754551733128172,0.1826972033837149,Unit,low
Kyabram,0.702079553777573,0.702079553777573,0.5475571483969554,0.670131483969112,Unit,low
Heathcote (Vic.),0.0973183851162744,0.0973183851162744,0.3733236286176795,0.2878194020041092,Unit,low
Kalimna,0.3526698899785428,0.3526698899785428,0.3551952732796043,0.4428714724780558,Unit,low
Epsom (Vic.),0.3061179344383895,0.3061179344383895,0.4204328263471125,0.4178480554866314,Unit,low
Bannockburn (Vic.),0.2619312184944524,0.2619312184944524,0.4116495692909442,0.3464290081908731,Unit,low
Footscray,0.1041768465378147,0.1041768465378147,0.3204341453118495,0.2372753112230076,Unit,low
Beaufort (Vic.),0.2733438849452529,0.2733438849452529,-0.0941396972410351,0.1862569141305431,Unit,low
Vermont South,0.1078683922023339,0.1078683922023339,-0.1394477087901517,0.1195131429336062,Unit,low
Glenroy (Vic.),0.0713156000199413,0.0713156000199413,-0.0417743082677839,0.4038055822693099,Unit,low
Killara (Wodonga - Vic.),0.6584220942559971,0.6584220942559971,0.9566819335844542,0.8490052058070657,Unit,low
Boort,0.5199257012037077,0.5199257012037077,0.373146795248837,0.6469657154914976,Unit,low
Lysterfield,0.5325774927231113,0.5325774927231113,-0.1958141490764642,0.2949971280725159,Unit,low
Hawthorn (Vic.),0.5489840231699181,0.5489840231699181,0.6998299341434573,0.8488127533359764,Unit,low
Yea,0.6510287291291539,0.6510287291291539,-0.0894714126347455,0.396487598569662,Unit,low
Avenel,-4.81958207829155,-4.81958207829155,-2.046054569787908,0.1817005044682431,Unit,low
Bright (Vic.),0.4302434782165911,0.4302434782165911,0.4801706506091929,0.4823021563577118,Unit,low
Strathmerton,0.6827664217604469,0.6827664217604469,-0.8170441256805694,0.5073779326251626,Unit,low
Winchelsea,0.7382374685971878,0.7382374685971878,0.5970075605589544,0.6977042558876514,Unit,low
Allansford,-2.5396545830261803,-2.5396545830261803,-0.1497724409211187,0.4504991426419248,Unit,low
St Andrews Beach,-1.2799079619767664,-1.2799079619767664,-0.2964482214532882,0.0030952624702088,Unit,low
Soldiers Hill (Vic.),0.3822413006100403,0.3822413006100403,0.2279529047304104,0.9288726366165848,Unit,low
Camperdown (Vic.),0.2830686632124357,0.2830686632124357,0.52693636598628,0.4872132393955574,Unit,low
Elliminyt,0.7061755130149849,0.7061755130149849,0.6306641930322674,0.7253464969395202,Unit,low
Tecoma,0.7273253621958075,0.7273253621958075,0.7962536415503211,0.7909455418738557,Unit,low
Creswick,0.3881570181903532,0.3881570181903532,-0.5978440057798726,0.0542433931475775,Unit,low
Irymple (Vic.),0.4643474928658746,0.4643474928658746,0.6134202636672074,0.5552951794595866,Unit,low
Lancefield,0.8923332112280258,0.8923332112280258,0.6212298682174708,0.8378087256162905,Unit,low
Yallourn North,-0.6723950929793483,-0.6723950929793483,0.3549295560407534,0.4664807279747995,Unit,low
Heatherton,0.3888229634143023,0.3888229634143023,0.3398931698607179,0.6087677966785754,Unit,low
Strathfieldsaye,-0.2850394644743033,-0.2850394644743033,0.1917866805168859,0.236949410079737,Unit,low
San Remo (Vic.),0.7373910196030948,0.7373910196030948,0.7137180804305591,0.754592637635429,Unit,low
Beechworth,0.3291122476252864,0.3291122476252864,0.3278411917475422,0.3788058196699642,Unit,low
McKenzie Hill,0.8054333793625601,0.8054333793625601,0.5033216702958173,0.7433801478647735,Unit,low
Anglesea,-0.1833923157032011,-0.1833923157032011,0.0126146778691575,0.130074266054683,Unit,low
Heywood,0.2872325582789142,0.2872325582789142,0.4251291986027539,0.3597572606428196,Unit,low
Bonshaw (Vic.),0.53941062333724,0.53941062333724,0.3233167097580158,0.4950457967164693,Unit,low
Warrenheip,0.5731608260977827,0.5731608260977827,0.4123607325399284,0.6302407123951859,Unit,low
Bundalong,0.61128345477398,0.61128345477398,-0.1584445054945074,0.4741351401379001,Unit,low
Eltham North,-1.341913245374568,-1.341913245374568,0.5429403288845883,0.0745727898969131,Unit,low
Chiltern,0.6324224861954291,0.6324224861954291,0.1880153528276754,0.4366956248544422,Unit,low
Nagambie,0.7307365598537714,0.7307365598537714,0.5398854499737864,0.6784658271347696,Unit,low
Merbein,0.8951054664824859,0.8951054664824859,0.2629531218669614,0.7248192730261016,Unit,low
Wy Yung,0.4025629488662138,0.4025629488662138,0.4827914380473258,0.729395562387791,Unit,low
Cape Paterson,0.2828631919511409,0.2828631919511409,0.4449010486059224,0.7168496697520861,Unit,low
Trentham,0.7315887587703485,0.7315887587703485,0.6255377432370206,0.7159841507543709,Unit,low
Teesdale (Vic.),0.5821666419728906,0.5821666419728906,0.2507276189436662,0.6701970323595478,Unit,low
Gembrook,0.8378130369973723,0.8378130369973723,-0.4713207504921661,0.6508162448676453,Unit,low
Blackburn,-0.3225172760615507,-0.3225172760615507,0.3514129894963831,0.0442172989882343,Unit,low
Hepburn Springs,0.3809503307800308,0.3809503307800308,0.3072394732161375,0.376490320164802,Unit,low
Lake Tyers Beach,-0.3811053076610837,-0.3811053076610837,0.1982376261742779,0.0835137059283076,Unit,low
Lorne (Vic.),0.2392036303780382,0.2392036303780382,0.0252539979040329,0.1951420990620208,Unit,low
Montrose (Vic.),0.6946351752695936,0.6946351752695936,0.5338095716608819,0.6660271012365693,Unit,low
Rosedale (Vic.),0.3203922389995224,0.3203922389995224,0.8565929960984662,0.6652864439666666,Unit,low
Warracknabeal,0.1025787888189446,0.1025787888189446,0.7625881381384486,0.5061430617578411,Unit,low
Yarra Glen,0.5048180215301813,0.5048180215301813,0.0517086435957246,0.3075140763869169,Unit,low
Coronet Bay,0.0954771059621113,0.0954771059621113,0.5840162133687441,0.4306645649010817,Unit,low
Wurruk,0.6553396603331884,0.6553396603331884,-1.4280588686129487,0.1558800877166691,Unit,low
Baxter,0.3295022378393312,0.3295022378393312,0.6620538151367887,0.7740029850099623,Unit,low
